keys,en,uk,?plural,?context
lang.uk,Українська,Українська,,
lang.en,English,English,,
tutorial.invite.title,First time here?,Перший раз тут?,,
tutorial.invite.body,"About three minutes, only once.","Близько трьох хвилин, лише один раз.",,
tutorial.invite.start,Start the tutorial,Почати навчання,,
tutorial.invite.skip,Skip,Пропустити,,
tutorial.step.progress,Step {count} of {total},Крок {count} з {total},,
tutorial.step.pick_up.title,Pick up a package,Візьми пакунок,,
tutorial.step.pick_up.how,Aim at the package and press {key},Наведи приціл на пакунок і натисни {key},,
tutorial.list.title,Tutorial,Навчання,,
tutorial.list.move,Controls,Керування,,
tutorial.list.pick_up,Picking up and putting down,Взяти й покласти,,
tutorial.list.hand_belt,Hand and belt,Рука й пояс,,
tutorial.list.deliver,Delivery,Доставка,,
tutorial.list.map,Map and tasks ({key}),Мапа й задачі ({key}),,
tutorial.list.downed,Downed,Нокдаун,,
tutorial.list.death,"Death: you watch, nobody hears you","Смерть: спостерігаєш, тебе не чують",,
tutorial.list.voice,Voice nearby,Голос поруч,,
tutorial.list.menu,Menu,Меню,,
player.name,Name,Імʼя,,
player.you,You,Ти,,
menu.host,Host a game,Створити гру,,
menu.join,Join,Приєднатися,,
menu.tutorial,Tutorial,Навчання,,
menu.settings,Settings,Налаштування,,
menu.quit,Quit,Вийти,,
menu.version,Version {version},Версія {version},,
join.title,Join a game,Приєднатися до гри,,
join.address,Host address,Адреса хоста,,
join.port,Port {port},Порт {port},,
join.lan_only,Same network only,Лише та сама мережа,,
join.connect,Join,Приєднатися,,
common.back,Back,Назад,,
common.cancel,Cancel,Скасувати,,
common.close,Close,Закрити,,
connect.connecting,Connecting to “{lobby}”…,Підключення до «{lobby}»…,,
connect.connecting_unnamed,Connecting…,Підключення…,,
connect.fail.title,Couldn't connect,Не вдалося підключитися,,
connect.fail.body,The host isn't answering. Check the address and the network.,Хост не відповідає. Перевір адресу й мережу.,,
connect.fail.retry,Try again,Спробувати ще,,
loading.title,Loading the map,Завантаження мапи,,
loading.player_ready,Ready,Готово,,
loading.player_loading,Loading…,Завантажує…,,
tip.two_hands,Don't forget: you have two hands.,Не забувай: у тебе дві руки.,,
howto.label,How to,Як робити,,
howto.switches.find,Find every switch,Знайди всі рубильники,,
howto.switches.turn_on,Turn each one on,Увімкни кожен,,
howto.switches.watch,Watch that nobody turns them off,"Стеж, щоб ніхто не вимкнув",,
howto.switches.done,Done when all are lit,"Готово, коли всі горять",,
task.delivery,Delivery,Доставка,,
task.switches,Switches,Рубильники,,
lobby.waiting,{count} of {total} ready,Готові {count} з {total},,
lobby.countdown,Starting in {count},Старт через {count},,
lobby.players,Players,Гравці,,
lobby.host_mark,{name} · host,{name} · хост,,
lobby.ready_no,Ready: no,Готовність: ні,,
lobby.ready_yes,Ready: yes,Готовність: так,,
esc.tab.game,Game,Гра,,
esc.tab.role,Role,Роль,,
esc.tab.guide,Guide,Посібник,,
esc.tab.lobby,Lobby,Лобі,,
esc.tab.character,Character,Персонаж,,
esc.tab.settings,Settings,Налаштування,,
esc.lobby.host_only,Only the host changes these · {name},Змінює лише хост · {name},,
esc.lobby.you_host,You're the host: everyone sees your changes,Ти хост: зміни бачать усі,,
esc.lobby.preset,Preset: {preset},Шаблон: {preset},,
esc.lobby.players,Players {count} / {total},Гравці {count} / {total},,
esc.lobby.ready,Ready,Готовність,,
preset.standard,Standard,Звичайний,,
preset.quick,Quick,Швидкий,,
preset.no_knives,No knives,Без ножів,,
preset.save_own,Save your own,Зберегти свій,,
unit.minutes,{count} min,{count} хв,,
unit.knives,{count} knife,{count} ніж,unit.knives,
,{count} knives,{count} ножі,,
,,{count} ножів,,
lobby.setting.name,Lobby name,Назва лобі,,
lobby.setting.duration,Match duration,Тривалість матчу,,
lobby.setting.packages,Packages,Пакунки,,
lobby.setting.dissidents,Dissidents,Дисиденти,,
lobby.setting.knives,Knives,Ножі,,
lobby.setting.tasks,Tasks,Задачі,,
lobby.setting.task_steps,{task}: step count,{task}: кількість кроків,,
esc.character.locked,You can change this only in the lobby,Змінювати можна лише в лобі,,
esc.character.colour,Colour,Колір,,
esc.character.hat,Hat,Шапка,,
esc.game.resume,Resume,Продовжити,,
esc.game.leave,Leave the session,Покинути сесію,,
esc.game.leave_host_note,You host this session: leaving ends it for every player.,"Ти хост: якщо вийдеш, сесія закінчиться для всіх.",,
esc.game.quit,Quit the game,Вийти з гри,,
role.engineer,Engineer,Інженер,,
role.dissident,Dissident,Дисидент,,
role.goal.engineer,Your goal: complete every task before time runs out.,"Твоя мета: виконати всі задачі, поки не вийшов час.",,
role.goal.dissident,Your goal: stop the Engineers from completing their tasks.,Твоя мета: заважати Інженерам виконати задачі.,,
esc.role.teammates,Your team · {count},Твоя команда · {count},,
guide.basics,Basics,Основи,,
guide.moving,Moving and hands,Рух і руки,,
guide.voice,Voice,Голос,,
guide.downed,Downed and back,Нокдаун і повернення,,
guide.tasks,Tasks,Задачі,,
settings.tab.sound,Sound and voice,Звук і голос,,
settings.tab.controls,Controls,Керування,,
settings.tab.display,Display,Екран,,
settings.tab.accessibility,Accessibility,Доступність,,
settings.tab.language,Language,Мова,,
settings.language.title,Game language,Мова гри,,
settings.mic,Microphone,Мікрофон,,
settings.mic.default,Default,Стандартний,,
settings.talk_mode,How to talk,Як говорити,,
settings.talk_mode.push,Push to talk,Натисни й говори,,
settings.talk_mode.open,Always on,Завжди ввімкнено,,
settings.voice_volume,Voice volume,Гучність голосів,,
settings.game_volume,Game volume,Гучність гри,,
settings.mic_test,Mic test,Перевірка мікрофона,,
pregame.your_role,Your role,Твоя роль,,
pregame.teammate,Your team: {names},Твоя команда: {names},,
item.package,Package,Пакунок,,
hud.health,Health,Здоровʼя,,
hud.stamina,Stamina,Витривалість,,
hud.slot.hand,Hand,Рука,,
hud.slot.belt,Belt,Пояс,,
map.tasks,Tasks,Задачі,,
map.progress,{count} of {total},{count} з {total},,
map.time,Time: {time},Час: {time},,
map.zone_hint,Packages may be here,Тут можуть бути пакунки,,
map.you_are_here,You are here,Ти тут,,
room.storage,Storage,Склад,,
room.kitchen,Kitchen,Кухня,,
room.lab,Lab,Лабораторія,,
room.office,Office,Офіс,,
room.hall,Hall,Хол,,
room.lounge,Break room,Кімната відпочинку,,
downed.title,You're down,Тебе повалено,,
downed.time_left,{time} left,Лишилось {time},,
downed.give_up_hold,Hold {key} to give up,"Утримуй {key}, щоб здатися",,
downed.raised_by,{name} is raising you,Тебе піднімає {name},,
dead.respawn_in,Back in {time},Повернення через {time},,
dead.watching,Watching: {name},Дивишся: {name},,
respawn.protected,Protected {count} s,Захист {count} с,,
end.title,End of the round,Кінець раунду,,
end.won_engineers,The Engineers won,Перемогли Інженери,,
end.won_dissidents,The Dissidents won,Перемогли Дисиденти,,
end.your_team_won,Your team won,Твоя команда перемогла,,
end.your_team_lost,Your team lost,Твоя команда програла,,
end.reason.all_tasks,All tasks done in {time}.,Усі задачі виконано за {time}.,,
end.reason.time_up,Time's up and the tasks aren't done.,"Час вийшов, а задачі ще не виконано.",,
end.back_to_lobby,Back to the lobby in {count}…,Повернення в лобі через {count}…,,
